Fonctionnalité,placeProcessor.js,geoUtils.js,Status,Commentaire
"1. Décomposition des lieux","segments = original.split(/\s*,\s*/)","parsePlaceParts(placeString)","✅ Implémenté","Utilise l'API read-gedcom"
"2. Formatage nom de ville","formatTownName(segments[0])","formatTownName(cleanTown)","✅ Implémenté","Fonction complète portée"
"3. Nettoyage nom de ville","Utilise formatTownName de geo.js","cleanTownName(str)","✅ Implémenté","Fonction complète portée"
"4. Normalisation géographique","normalizeGeoString(segment)","normalizeGeoString(inputString)","✅ Implémenté","Supprime accents et espaces"
"5. Détection pays","_findCountry(normalizedSegments)","_findCountryInSegments(normalizedSegments)","✅ Implémenté","Détecte 15+ pays avec variantes"
"6. Application données pays","_applyCountryData(placeObj, countryMatch)","Intégré dans extractPlaceComponents","✅ Implémenté","Logique fusionnée"
"7. Traitement département français","_processFrenchDepartement(placeObj, original)","_extractFrenchDepartment(placeString)","✅ Implémenté","Regex: /\b\d{5}\b|\(\d{2}\)/"
"8. Extraction code département","_extractAndSetDepartement(placeObj, code)","Intégré dans _extractFrenchDepartment","✅ Implémenté","Mapping 95 départements"
"9. Subdivision et département","_processSubdivisionAndDepartement(placeObj, segments)","Logique dans extractPlaceComponents","✅ Implémenté","Gère formats variés"
"10. Extraction géolocalisation","_extractGeolocation(placeObj, tree)","❌ MANQUANT","❌ Non implémenté","Tags MAP/LATI/LONG non traités"
"11. Format display string","_formatDisplayString(placeObj)","❌ MANQUANT","❌ Non implémenté","Chaîne formatée pour affichage"
"12. townDisplay","townDisplay: segments[0]","❌ MANQUANT","❌ Non implémenté","Version originale de la ville"
"13. Couleurs département","departementColor depuis departementData","❌ MANQUANT","❌ Non implémenté","Données visuelles"
"14. Couleurs pays","countryColor depuis countryData","❌ MANQUANT","❌ Non implémenté","Données visuelles"
"15. Code pays","countryCode depuis countryData","❌ MANQUANT","❌ Non implémenté","Code ISO du pays"
"16. Région","Stockée dans placeObj","Retournée dans result.region","✅ Implémenté","Champ géré correctement"
"17. Latitude/Longitude","Extraites depuis MAP/LATI/LONG","❌ MANQUANT","❌ Non implémenté","Coordonnées GPS"
"18. Structure données département","Utilise departementData complet","Mapping simplifié (95 depts)","⚠️ Partiel","Manque couleurs et régions"
"19. Structure données pays","Utilise countryData complet (continents)","Liste simplifiée","⚠️ Partiel","Manque hiérarchie continents"
"20. Gestion territoires","Via countryData","Implémenté (territories)","✅ Implémenté","Puerto Rico → USA, etc."
"","","","",""
"RÉSUMÉ","","","",""
"Fonctionnalités complètes","","","13/20 (65%)",""
"Fonctionnalités partielles","","","2/20 (10%)",""
"Fonctionnalités manquantes","","","5/20 (25%)",""